인용하는사규,인용하는사규명,인용되는사규,인용되는사규명,횟수
1-1,정관,6-4,임원퇴직금 규정,1
1-2,이사회규정,1-1,정관,3
1-2,이사회규정,11-1,감사규정,1
1-2,이사회규정,11-4,내부통제규정,1
1-2,이사회규정,3-1,경영협의회 규정,1
1-2,이사회규정,3-2,리스크관리협의회 규정,1
1-2,이사회규정,4-2,내부회계관리 규정,1
1-2,이사회규정,5-3,리스크관리 규정,1
1-2,이사회규정,6-3,이사보수규정,1
1-2,이사회규정,6-6,집행임원 운영 규정,1
1-2,이사회규정,8-2,고객정보의 제공 및 이용에 관한 규정,1
10-2,기부금 운영 규정,1-1,정관,1
10-2,기부금 운영 규정,1-2,이사회규정,1
11-1,감사규정,1-1,정관,3
11-1,감사규정,11-10,자점검사업무 지침,1
11-1,감사규정,4-2,내부회계관리 규정,1
11-1,감사규정,7-2,문서관리규정,1
11-10,자점검사업무 지침,11-9,감사규정 시행지침,1
11-11,부점장업무 인계인수 지침,11-10,자점검사업무 지침,1
11-12,업무위탁 운용에 관한 지침,7-1,계약규정,1
11-13,금융범죄 행위에 대한 고발 지침,11-9,감사규정 시행지침,1
11-15,올바른제보 제도 운영지침,4-2,내부회계관리 규정,1
11-16,이용자보호기준,1-1,정관,1
11-16,이용자보호기준,9-8,채권추심 내부기준,2
11-17,내부통제정책,1-1,정관,2
11-17,내부통제정책,11-4,내부통제규정,1
11-17,내부통제정책,2-2,직무전결규정,1
11-2,사규관리규정,1-1,정관,2
11-2,사규관리규정,1-2,이사회규정,1
11-2,사규관리규정,2-1,직제규정,2
11-2,사규관리규정,2-2,직무전결규정,1
11-2,사규관리규정,3-1,경영협의회 규정,1
11-4,내부통제규정,11-17,내부통제정책,1
11-4,내부통제규정,2-3,윤리강령,3
11-4,내부통제규정,6-5,인사규정,1
11-5,소송업무 처리 규정,11-7,사고금 정리 규정,1
11-5,소송업무 처리 규정,2-1,직제규정,1
11-7,사고금 정리 규정,11-9,감사규정 시행지침,1
11-9,감사규정 시행지침,11-1,감사규정,5
2-1,직제규정,1-1,정관,1
2-1,직제규정,10-1,브랜드관리 규정,1
2-1,직제규정,10-2,기부금 운영 규정,1
2-1,직제규정,11-1,감사규정,1
2-1,직제규정,11-12,업무위탁 운용에 관한 지침,1
2-1,직제규정,11-13,금융범죄 행위에 대한 고발 지침,1
2-1,직제규정,11-14,직장 내 성희롱 예방 지침,1
2-1,직제규정,11-2,사규관리규정,2
2-1,직제규정,11-5,소송업무 처리 규정,1
2-1,직제규정,11-6,볼커룰(Volcker Rule) 업무 규정,1
2-1,직제규정,11-7,사고금 정리 규정,2
2-1,직제규정,11-8,민원업무 처리 규정,2
2-1,직제규정,11-9,감사규정 시행지침,1
2-1,직제규정,2-2,직무전결규정,1
2-1,직제규정,4-1,예산규정,1
2-1,직제규정,5-1,성과관리규정,2
2-1,직제규정,5-4,리스크관리 지침,1
2-1,직제규정,6-10,인사규정 시행지침,2
2-1,직제규정,6-11,복지후생규정 시행지침,1
2-1,직제규정,6-12,복무규정 시행지침,2
2-1,직제규정,6-14,계약직원 관리지침,1
2-1,직제규정,6-15,촉탁직 관리지침,1
2-1,직제규정,6-5,인사규정,1
2-1,직제규정,6-8,여비규정,1
2-1,직제규정,7-1,계약규정,1
2-1,직제규정,7-2,문서관리규정,2
2-1,직제규정,7-3,자산관리규정,1
2-1,직제규정,7-5,차량관리지침,1
2-1,직제규정,8-1,전산업무규정,1
2-1,직제규정,8-10,그룹 IT 협력 지침,1
2-1,직제규정,8-4,전산업무지침,1
2-1,직제규정,8-5,고객정보관리 지침,2
2-1,직제규정,9-6,주민등록정보관리 지침,1
2-2,직무전결규정,7-2,문서관리규정,2
2-4,임직원 법규준수 행동기준,10-3,소셜미디어 사용 및 운영에 관한 지침,1
2-4,임직원 법규준수 행동기준,11-4,내부통제규정,2
2-4,임직원 법규준수 행동기준,2-3,윤리강령,1
2-4,임직원 법규준수 행동기준,7-1,계약규정,1
3-1,경영협의회 규정,1-1,정관,1
3-6,채권책임심의회 운영지침,11-7,사고금 정리 규정,2
3-7,재무전략협의회 규정,2-1,직제규정,2
3-7,재무전략협의회 규정,4-8,재무관리규정,13
3-8,AI윤리위원회 운영지침,8-12,AI업무규정,2
4-1,예산규정,2-2,직무전결규정,3
4-2,내부회계관리 규정,1-1,정관,1
4-2,내부회계관리 규정,11-1,감사규정,1
4-2,내부회계관리 규정,11-9,감사규정 시행지침,1
4-2,내부회계관리 규정,2-2,직무전결규정,1
4-2,내부회계관리 규정,4-3,회계규정,1
4-2,내부회계관리 규정,4-5,내부회계관리 운영지침,2
4-2,내부회계관리 규정,6-5,인사규정,2
4-2,내부회계관리 규정,6-6,집행임원 운영 규정,1
4-3,회계규정,1-1,정관,8
4-3,회계규정,1-2,이사회규정,1
4-3,회계규정,2-1,직제규정,4
4-3,회계규정,6-5,인사규정,1
4-4,세무업무 처리지침,4-3,회계규정,1
4-5,내부회계관리 운영지침,11-17,내부통제정책,8
4-5,내부회계관리 운영지침,2-3,윤리강령,1
4-5,내부회계관리 운영지침,4-2,내부회계관리 규정,1
4-6,회계업무 처리 규정,4-3,회계규정,1
4-8,재무관리규정,2-1,직제규정,1
5-1,성과관리규정,5-2,업무제안 운영지침,1
5-1,성과관리규정,6-10,인사규정 시행지침,1
5-1,성과관리규정,6-16,연수규정,1
5-1,성과관리규정,6-5,인사규정,1
5-3,리스크관리 규정,1-2,이사회규정,1
5-3,리스크관리 규정,3-2,리스크관리협의회 규정,1
5-4,리스크관리 지침,1-1,정관,1
5-5,운영리스크관리 지침,5-4,리스크관리 지침,2
6-10,인사규정 시행지침,1-1,정관,1
6-10,인사규정 시행지침,6-5,인사규정,7
6-10,인사규정 시행지침,6-9,복무규정,1
6-11,복지후생규정 시행지침,6-7,복지후생규정,3
6-12,복무규정 시행지침,6-10,인사규정 시행지침,1
6-12,복무규정 시행지침,6-9,복무규정,2
6-13,선임직원 운영지침,2-1,직제규정,1
6-13,선임직원 운영지침,6-10,인사규정 시행지침,1
6-13,선임직원 운영지침,6-2,보수 및 퇴직금 규정,5
6-13,선임직원 운영지침,6-7,복지후생규정,1
6-13,선임직원 운영지침,6-8,여비규정,1
6-14,계약직원 관리지침,1-1,정관,1
6-14,계약직원 관리지침,5-1,성과관리규정,1
6-14,계약직원 관리지침,6-10,인사규정 시행지침,2
6-14,계약직원 관리지침,6-2,보수 및 퇴직금 규정,4
6-14,계약직원 관리지침,6-5,인사규정,4
6-14,계약직원 관리지침,6-7,복지후생규정,1
6-14,계약직원 관리지침,6-8,여비규정,1
6-14,계약직원 관리지침,6-9,복무규정,2
6-15,촉탁직 관리지침,6-10,인사규정 시행지침,1
6-15,촉탁직 관리지침,6-11,복지후생규정 시행지침,1
6-15,촉탁직 관리지침,6-2,보수 및 퇴직금 규정,4
6-15,촉탁직 관리지침,6-5,인사규정,2
6-15,촉탁직 관리지침,6-7,복지후생규정,1
6-15,촉탁직 관리지침,6-8,여비규정,1
6-15,촉탁직 관리지침,6-9,복무규정,2
6-16,연수규정,5-1,성과관리규정,3
6-16,연수규정,6-5,인사규정,2
6-16,연수규정,6-8,여비규정,1
6-2,보수 및 퇴직금 규정,6-10,인사규정 시행지침,1
6-2,보수 및 퇴직금 규정,6-5,인사규정,3
6-2,보수 및 퇴직금 규정,6-7,복지후생규정,1
6-2,보수 및 퇴직금 규정,6-9,복무규정,2
6-3,이사보수규정,1-1,정관,1
6-5,인사규정,11-7,사고금 정리 규정,1
6-5,인사규정,5-1,성과관리규정,2
6-5,인사규정,6-10,인사규정 시행지침,1
6-5,인사규정,6-16,연수규정,2
6-5,인사규정,6-2,보수 및 퇴직금 규정,1
6-6,집행임원 운영 규정,1-1,정관,1
6-6,집행임원 운영 규정,6-5,인사규정,1
6-7,복지후생규정,6-8,여비규정,2
6-7,복지후생규정,6-9,복무규정,1
6-9,복무규정,1-1,정관,1
7-1,계약규정,1-1,정관,1
7-1,계약규정,2-1,직제규정,2
7-1,계약규정,2-2,직무전결규정,2
7-1,계약규정,2-4,임직원 법규준수 행동기준,1
7-1,계약규정,4-3,회계규정,1
7-2,문서관리규정,1-1,정관,1
7-2,문서관리규정,2-2,직무전결규정,1
7-2,문서관리규정,7-4,전자문서관리 지침,1
7-3,자산관리규정,4-3,회계규정,2
7-4,전자문서관리 지침,7-2,문서관리규정,4
7-5,차량관리지침,7-3,자산관리규정,1
7-7,외부용역 및 컨설팅 운영지침,2-1,직제규정,1
7-7,외부용역 및 컨설팅 운영지침,6-1,경영자문역 운영 규정,1
7-7,외부용역 및 컨설팅 운영지침,7-1,계약규정,1
8-1,전산업무규정,2-1,직제규정,2
8-1,전산업무규정,7-2,문서관리규정,1
8-11,개인정보보호 내부 관리계획,3-4,정보보호위원회 지침,2
8-11,개인정보보호 내부 관리계획,7-6,열쇠관리지침,2
8-11,개인정보보호 내부 관리계획,8-3,정보보호규정,1
8-11,개인정보보호 내부 관리계획,8-5,고객정보관리 지침,5
8-11,개인정보보호 내부 관리계획,8-7,정보보호관리 지침,1
8-12,AI업무규정,3-8,AI윤리위원회 운영지침,1
8-13,AI위험관리 지침,8-12,AI업무규정,1
8-3,정보보호규정,2-2,직무전결규정,1
8-3,정보보호규정,7-3,자산관리규정,1
8-3,정보보호규정,8-7,정보보호관리 지침,7
8-3,정보보호규정,8-8,IT인프라 보안 지침,8
8-3,정보보호규정,8-9,물리보안지침,3
8-3,정보보호규정,9-3,공인전자문서센터 운영 규정,2
8-4,전산업무지침,2-1,직제규정,1
8-4,전산업무지침,8-1,전산업무규정,1
8-5,고객정보관리 지침,8-11,개인정보보호 내부 관리계획,2
8-5,고객정보관리 지침,8-2,고객정보의 제공 및 이용에 관한 규정,1
8-6,신용정보관리 지침,1-1,정관,2
8-6,신용정보관리 지침,6-5,인사규정,1
8-7,정보보호관리 지침,3-4,정보보호위원회 지침,1
8-7,정보보호관리 지침,6-10,인사규정 시행지침,2
8-7,정보보호관리 지침,8-11,개인정보보호 내부 관리계획,1
8-7,정보보호관리 지침,8-3,정보보호규정,6
8-7,정보보호관리 지침,8-5,고객정보관리 지침,2
8-7,정보보호관리 지침,8-6,신용정보관리 지침,1
8-7,정보보호관리 지침,8-9,물리보안지침,3
8-7,정보보호관리 지침,9-4,전자화문서관리 규정,1
8-8,IT인프라 보안 지침,1-1,정관,11
8-9,물리보안지침,7-6,열쇠관리지침,1
8-9,물리보안지침,8-11,개인정보보호 내부 관리계획,1
9-1,신용정보업무 규정,1-1,정관,2
9-1,신용정보업무 규정,8-11,개인정보보호 내부 관리계획,1
9-1,신용정보업무 규정,8-6,신용정보관리 지침,5
9-1,신용정보업무 규정,9-2,채권추심업무 처리 지침,1
9-1,신용정보업무 규정,9-5,임대차조사업무 처리 지침,1
9-3,공인전자문서센터 운영 규정,1-1,정관,2
9-3,공인전자문서센터 운영 규정,11-1,감사규정,1
9-3,공인전자문서센터 운영 규정,6-9,복무규정,1
9-3,공인전자문서센터 운영 규정,8-7,정보보호관리 지침,1
9-3,공인전자문서센터 운영 규정,8-8,IT인프라 보안 지침,1
9-3,공인전자문서센터 운영 규정,8-9,물리보안지침,1
9-4,전자화문서관리 규정,7-2,문서관리규정,9
9-5,임대차조사업무 처리 지침,1-1,정관,1
9-5,임대차조사업무 처리 지침,2-2,직무전결규정,1
9-5,임대차조사업무 처리 지침,7-3,자산관리규정,2
9-7,민원서류 발급업무 처리 지침,2-1,직제규정,1
9-7,민원서류 발급업무 처리 지침,6-8,여비규정,1
9-8,채권추심 내부기준,11-16,이용자보호기준,1
